Id,Count
6268.jpg,27.9
7598.jpg,29.5
4967.jpg,12.8
289.jpg,17.7
2241.jpg,22.8
5821.jpg,75.3
5591.jpg,44.6
5917.jpg,22.5
4413.jpg,18.8
695.jpg,13.4
5850.jpg,11.3
7523.jpg,32.9
299.jpg,14.8
1464.jpg,65.7
2933.jpg,67.4
2043.jpg,92.4
3338.jpg,174.2
7239.jpg,65.8
342.jpg,20.8
5809.jpg,10.6
4300.jpg,59.5
5593.jpg,35.8
3502.jpg,35.3
6050.jpg,135.1
6244.jpg,44.7
4906.jpg,76.7
5792.jpg,11.3
5506.jpg,65.5
4497.jpg,9.9
906.jpg,37.1
5924.jpg,22.1
704.jpg,54.8
1461.jpg,113.8
2174.jpg,15.9
7707.jpg,331.3
2150.jpg,5.7
3329.jpg,110.7
7605.jpg,21.6
2176.jpg,46.4
4901.jpg,11.6
4880.jpg,20.8
2247.jpg,26.1
6650.jpg,34.1
5919.jpg,25.8
7683.jpg,37.7
4073.jpg,26.1
4933.jpg,42.2
2010.jpg,24.3
298.jpg,71.4
2619.jpg,3.3
3279.jpg,18.5
4406.jpg,29.8
6971.jpg,104.5
6659.jpg,5.3
6839.jpg,82.1
7146.jpg,24.4
3282.jpg,40.6
2051.jpg,23.8
2949.jpg,35.3
2225.jpg,14.4
5386.jpg,13.7
7386.jpg,71.8
1106.jpg,46.8
5849.jpg,40.8
3653.jpg,38.0
4958.jpg,67.1
3647.jpg,60.2
6277.jpg,34.6
2233.jpg,45.5
7488.jpg,25.7
2175.jpg,38.7
2.jpg,10.2
4412.jpg,20.1
4896.jpg,74.3
5939.jpg,6.6
3275.jpg,15.9
7205.jpg,78.1
3697.jpg,8.8
1875.jpg,46.4
5572.jpg,11.5
4887.jpg,25.9
7173.jpg,63.0
3160.jpg,8.2
7550.jpg,16.4
2213.jpg,19.0
2203.jpg,27.5
5578.jpg,40.4
4915.jpg,98.7
4917.jpg,45.5
4495.jpg,11.1
6258.jpg,11.0
2929.jpg,68.9
4077.jpg,219.6
1053.jpg,43.2
4886.jpg,44.6
301.jpg,20.7
7666.jpg,39.8
5830.jpg,22.8
6053.jpg,130.5
6750.jpg,70.3
6785.jpg,0.0
7520.jpg,0.0
5378.jpg,0.0
303.jpg,0.0
334.jpg,0.0
991.jpg,0.0
5391.jpg,0.0
3334.jpg,0.0
6661.jpg,0.0
4938.jpg,0.0
7240.jpg,0.0
7586.jpg,0.0
6922.jpg,0.0
6240.jpg,0.0
5935.jpg,0.0
4284.jpg,0.0
4922.jpg,0.0
6923.jpg,0.0
697.jpg,0.0
6906.jpg,0.0
4078.jpg,0.0
7688.jpg,0.0
7171.jpg,0.0
2164.jpg,0.0
2053.jpg,0.0
6964.jpg,0.0
905.jpg,0.0
4121.jpg,0.0
6904.jpg,0.0
7695.jpg,0.0
7522.jpg,0.0
712.jpg,0.0
4889.jpg,0.0
5839.jpg,0.0
4414.jpg,0.0
5915.jpg,0.0
3284.jpg,0.0
910.jpg,0.0
7176.jpg,0.0
5838.jpg,0.0
2916.jpg,0.0
7222.jpg,0.0
6042.jpg,0.0
3648.jpg,0.0
6860.jpg,0.0
5823.jpg,0.0
1050.jpg,0.0
2244.jpg,0.0
6655.jpg,0.0
5.jpg,0.0
292.jpg,0.0
4498.jpg,0.0
345.jpg,0.0
6936.jpg,0.0
6273.jpg,0.0
5841.jpg,0.0
5813.jpg,0.0
5373.jpg,0.0
2915.jpg,0.0
5796.jpg,0.0
2927.jpg,0.0
2182.jpg,0.0
5837.jpg,0.0
6255.jpg,0.0
2227.jpg,0.0
335.jpg,0.0
3493.jpg,0.0
6260.jpg,0.0
5825.jpg,0.0
7639.jpg,0.0
6973.jpg,0.0
2922.jpg,0.0
5831.jpg,0.0
332.jpg,0.0
999.jpg,0.0
4959.jpg,0.0
4949.jpg,0.0
5369.jpg,0.0
6811.jpg,0.0
2239.jpg,0.0
5574.jpg,0.0
5511.jpg,0.0
5584.jpg,0.0
5566.jpg,0.0
1493.jpg,0.0
719.jpg,0.0
5588.jpg,0.0
6259.jpg,0.0
7345.jpg,0.0
4086.jpg,0.0
7491.jpg,0.0
7512.jpg,0.0
5807.jpg,0.0
4883.jpg,0.0
3693.jpg,0.0
2036.jpg,0.0
2020.jpg,0.0
2264.jpg,0.0
3155.jpg,0.0
7387.jpg,0.0
6644.jpg,0.0
990.jpg,0.0
2141.jpg,0.0
2275.jpg,0.0
7625.jpg,0.0
4115.jpg,0.0
2613.jpg,0.0
4894.jpg,0.0
5510.jpg,0.0
4292.jpg,0.0
5585.jpg,0.0
5806.jpg,0.0
4288.jpg,0.0
5856.jpg,0.0
5937.jpg,0.0
6241.jpg,0.0
6857.jpg,0.0
287.jpg,0.0
2947.jpg,0.0
7370.jpg,0.0
6044.jpg,0.0
4422.jpg,0.0
2917.jpg,0.0
2195.jpg,0.0
4080.jpg,0.0
4963.jpg,0.0
3694.jpg,0.0
2210.jpg,0.0
681.jpg,0.0
7248.jpg,0.0
6833.jpg,0.0
7682.jpg,0.0
7676.jpg,0.0
2246.jpg,0.0
4089.jpg,0.0
7027.jpg,0.0
7590.jpg,0.0
5818.jpg,0.0
4910.jpg,0.0
7633.jpg,0.0
3649.jpg,0.0
6278.jpg,0.0
6252.jpg,0.0
5810.jpg,0.0
5802.jpg,0.0
2219.jpg,0.0
1509.jpg,0.0
4294.jpg,0.0
6548.jpg,0.0
5458.jpg,0.0
4290.jpg,0.0
7319.jpg,0.0
5367.jpg,0.0
2941.jpg,0.0
4085.jpg,0.0
3111.jpg,0.0
2014.jpg,0.0
4970.jpg,0.0
5149.jpg,0.0
5855.jpg,0.0
7449.jpg,0.0
4878.jpg,0.0
998.jpg,0.0
7339.jpg,0.0
5925.jpg,0.0
5567.jpg,0.0
3336.jpg,0.0
1497.jpg,0.0
5845.jpg,0.0
7611.jpg,0.0
2269.jpg,0.0
329.jpg,0.0
5799.jpg,0.0
6054.jpg,0.0
3268.jpg,0.0
5816.jpg,0.0
3314.jpg,0.0
4419.jpg,0.0
5835.jpg,0.0
5797.jpg,0.0
6960.jpg,0.0
2913.jpg,0.0
2943.jpg,0.0
5929.jpg,0.0
7117.jpg,0.0
2047.jpg,0.0
310.jpg,0.0
4122.jpg,0.0
6713.jpg,0.0
710.jpg,0.0
2017.jpg,0.0
7455.jpg,0.0
4908.jpg,0.0
4112.jpg,0.0
909.jpg,0.0
5820.jpg,0.0
3.jpg,0.0
709.jpg,0.0
7284.jpg,0.0
7043.jpg,0.0
2248.jpg,0.0
6823.jpg,0.0
7042.jpg,0.0
4415.jpg,0.0
6788.jpg,0.0
4409.jpg,0.0
2945.jpg,0.0
2944.jpg,0.0
5142.jpg,0.0
7378.jpg,0.0
2236.jpg,0.0
7120.jpg,0.0
7062.jpg,0.0
7526.jpg,0.0
4950.jpg,0.0
3495.jpg,0.0
6267.jpg,0.0
7398.jpg,0.0
5931.jpg,0.0
7588.jpg,0.0
2028.jpg,0.0
6048.jpg,0.0
5562.jpg,0.0
2172.jpg,0.0
5368.jpg,0.0
4876.jpg,0.0
7573.jpg,0.0
5928.jpg,0.0
4303.jpg,0.0
324.jpg,0.0
5927.jpg,0.0
6735.jpg,0.0
5933.jpg,0.0
4494.jpg,0.0
2151.jpg,0.0
5568.jpg,0.0
5596.jpg,0.0
2040.jpg,0.0
5932.jpg,0.0
2220.jpg,0.0
701.jpg,0.0
2910.jpg,0.0
6711.jpg,0.0
4937.jpg,0.0
7192.jpg,0.0
7480.jpg,0.0
2257.jpg,0.0
7459.jpg,0.0
4295.jpg,0.0
4930.jpg,0.0
4296.jpg,0.0
2016.jpg,0.0
327.jpg,0.0
2240.jpg,0.0
7565.jpg,0.0
5385.jpg,0.0
6990.jpg,0.0
6901.jpg,0.0
7109.jpg,0.0
4301.jpg,0.0
7175.jpg,0.0
3156.jpg,0.0
2049.jpg,0.0
6660.jpg,0.0
3650.jpg,0.0
4500.jpg,0.0
4888.jpg,0.0
5826.jpg,0.0
2918.jpg,0.0
2181.jpg,0.0
3159.jpg,0.0
2942.jpg,0.0
2173.jpg,0.0
5599.jpg,0.0
6986.jpg,0.0
2052.jpg,0.0
4951.jpg,0.0
6285.jpg,0.0
3655.jpg,0.0
4875.jpg,0.0
2954.jpg,0.0
6274.jpg,0.0
5794.jpg,0.0
1884.jpg,0.0
2177.jpg,0.0
4882.jpg,0.0
2194.jpg,0.0
993.jpg,0.0
2179.jpg,0.0
5918.jpg,0.0
4123.jpg,0.0
4897.jpg,0.0
5846.jpg,0.0
7661.jpg,0.0
5463.jpg,0.0
2937.jpg,0.0
3318.jpg,0.0
2202.jpg,0.0
7592.jpg,0.0
7701.jpg,0.0
5577.jpg,0.0
2142.jpg,0.0
5377.jpg,0.0
3424.jpg,0.0
7662.jpg,0.0
4924.jpg,0.0
6652.jpg,0.0
4079.jpg,0.0
682.jpg,0.0
6809.jpg,0.0
2920.jpg,0.0
7678.jpg,0.0
4926.jpg,0.0
3328.jpg,0.0
2258.jpg,0.0
6993.jpg,0.0
7472.jpg,0.0
3332.jpg,0.0
7462.jpg,0.0
2924.jpg,0.0
698.jpg,0.0
2045.jpg,0.0
6249.jpg,0.0
2166.jpg,0.0
2285.jpg,0.0
2189.jpg,0.0
6243.jpg,0.0
4961.jpg,0.0
7710.jpg,0.0
6257.jpg,0.0
3500.jpg,0.0
3643.jpg,0.0
2171.jpg,0.0
4928.jpg,0.0
7282.jpg,0.0
7030.jpg,0.0
2930.jpg,0.0
6648.jpg,0.0
7000.jpg,0.0
703.jpg,0.0
2612.jpg,0.0
321.jpg,0.0
3321.jpg,0.0
5795.jpg,0.0
5147.jpg,0.0
2607.jpg,0.0
5503.jpg,0.0
4953.jpg,0.0
6980.jpg,0.0
4911.jpg,0.0
6822.jpg,0.0
349.jpg,0.0
293.jpg,0.0
5587.jpg,0.0
3327.jpg,0.0
7555.jpg,0.0
3659.jpg,0.0
2168.jpg,0.0
7023.jpg,0.0
6732.jpg,0.0
3323.jpg,0.0
5829.jpg,0.0
7474.jpg,0.0
2042.jpg,0.0
308.jpg,0.0
6281.jpg,0.0
7123.jpg,0.0
7595.jpg,0.0
3320.jpg,0.0
4116.jpg,0.0
4062.jpg,0.0
3271.jpg,0.0
3339.jpg,0.0
7079.jpg,0.0
2261.jpg,0.0
2035.jpg,0.0
4304.jpg,0.0
1456.jpg,0.0
7090.jpg,0.0
5840.jpg,0.0
2936.jpg,0.0
5926.jpg,0.0
6810.jpg,0.0
4418.jpg,0.0
2008.jpg,0.0
6849.jpg,0.0
5801.jpg,0.0
2145.jpg,0.0
7366.jpg,0.0
2280.jpg,0.0
5583.jpg,0.0
2255.jpg,0.0
7095.jpg,0.0
7071.jpg,0.0
316.jpg,0.0
2243.jpg,0.0
7622.jpg,0.0
3645.jpg,0.0
2287.jpg,0.0
4948.jpg,0.0
296.jpg,0.0
6928.jpg,0.0
5579.jpg,0.0
2281.jpg,0.0
2235.jpg,0.0
4945.jpg,0.0
7609.jpg,0.0
7440.jpg,0.0
343.jpg,0.0
2048.jpg,0.0
7411.jpg,0.0
7281.jpg,0.0
6892.jpg,0.0
4895.jpg,0.0
6829.jpg,0.0
5381.jpg,0.0
4114.jpg,0.0
5148.jpg,0.0
2207.jpg,0.0
7581.jpg,0.0
4499.jpg,0.0
7424.jpg,0.0
4067.jpg,0.0
3652.jpg,0.0
7484.jpg,0.0
328.jpg,0.0
4119.jpg,0.0
7452.jpg,0.0
4918.jpg,0.0
6284.jpg,0.0
7438.jpg,0.0
7076.jpg,0.0
5356.jpg,0.0
305.jpg,0.0
3657.jpg,0.0
6253.jpg,0.0
1881.jpg,0.0
5916.jpg,0.0
4893.jpg,0.0
3319.jpg,0.0
5563.jpg,0.0
7596.jpg,0.0
3335.jpg,0.0
5597.jpg,0.0
3494.jpg,0.0
3157.jpg,0.0
3324.jpg,0.0
907.jpg,0.0
351.jpg,0.0
7277.jpg,0.0
3310.jpg,0.0
4501.jpg,0.0
7542.jpg,0.0
6043.jpg,0.0
4952.jpg,0.0
5793.jpg,0.0
2267.jpg,0.0
3646.jpg,0.0
7134.jpg,0.0
6279.jpg,0.0
2159.jpg,0.0
7527.jpg,0.0
4065.jpg,0.0
6994.jpg,0.0
6959.jpg,0.0
6771.jpg,0.0
4173.jpg,0.0
5387.jpg,0.0
2190.jpg,0.0
5388.jpg,0.0
4088.jpg,0.0
7668.jpg,0.0
3497.jpg,0.0
2157.jpg,0.0
323.jpg,0.0
6954.jpg,0.0
3333.jpg,0.0
3312.jpg,0.0
4885.jpg,0.0
7679.jpg,0.0
6264.jpg,0.0
687.jpg,0.0
5808.jpg,0.0
2288.jpg,0.0
3695.jpg,0.0
7219.jpg,0.0
7583.jpg,0.0
6272.jpg,0.0
7645.jpg,0.0
5366.jpg,0.0
2216.jpg,0.0
2274.jpg,0.0
291.jpg,0.0
1130.jpg,0.0
3651.jpg,0.0
1887.jpg,0.0
3283.jpg,0.0
3269.jpg,0.0
2226.jpg,0.0
7200.jpg,0.0
6275.jpg,0.0
4956.jpg,0.0
5804.jpg,0.0
5803.jpg,0.0
7384.jpg,0.0
7114.jpg,0.0
2271.jpg,0.0
4175.jpg,0.0
4072.jpg,0.0
4881.jpg,0.0
6647.jpg,0.0
2268.jpg,0.0
1537.jpg,0.0
350.jpg,0.0
7126.jpg,0.0
2284.jpg,0.0
6869.jpg,0.0
306.jpg,0.0
5827.jpg,0.0
6855.jpg,0.0
2223.jpg,0.0
6898.jpg,0.0
7535.jpg,0.0
5592.jpg,0.0
689.jpg,0.0
2208.jpg,0.0
2009.jpg,0.0
2209.jpg,0.0
3501.jpg,0.0
716.jpg,0.0
4900.jpg,0.0
6856.jpg,0.0
2146.jpg,0.0
5601.jpg,0.0
2204.jpg,0.0
5565.jpg,0.0
4925.jpg,0.0
7640.jpg,0.0
7412.jpg,0.0
2615.jpg,0.0
6852.jpg,0.0
3331.jpg,0.0
4874.jpg,0.0
6046.jpg,0.0
5372.jpg,0.0
6938.jpg,0.0
6838.jpg,0.0
7700.jpg,0.0
7665.jpg,0.0
6736.jpg,0.0
6247.jpg,0.0
4066.jpg,0.0
7201.jpg,0.0
7557.jpg,0.0
6047.jpg,0.0
3322.jpg,0.0
6245.jpg,0.0
2140.jpg,0.0
4287.jpg,0.0
6250.jpg,0.0
6815.jpg,0.0
5374.jpg,0.0
7714.jpg,0.0
7131.jpg,0.0
1458.jpg,0.0
2211.jpg,0.0
4944.jpg,0.0
317.jpg,0.0
3270.jpg,0.0
6743.jpg,0.0
5376.jpg,0.0
7627.jpg,0.0
2237.jpg,0.0
1572.jpg,0.0
2019.jpg,0.0
6265.jpg,0.0
4170.jpg,0.0
4946.jpg,0.0
7511.jpg,0.0
7153.jpg,0.0
7067.jpg,0.0
7273.jpg,0.0
4405.jpg,0.0
2952.jpg,0.0
3311.jpg,0.0
4966.jpg,0.0
692.jpg,0.0
302.jpg,0.0
5594.jpg,0.0
5836.jpg,0.0
4083.jpg,0.0
2191.jpg,0.0
7341.jpg,0.0
4955.jpg,0.0
5359.jpg,0.0
6918.jpg,0.0
7536.jpg,0.0
3341.jpg,0.0
4891.jpg,0.0
5383.jpg,0.0
7263.jpg,0.0
2617.jpg,0.0
7262.jpg,0.0
5944.jpg,0.0
904.jpg,0.0
4923.jpg,0.0
6733.jpg,0.0
5834.jpg,0.0
7564.jpg,0.0
5920.jpg,0.0
4298.jpg,0.0
6547.jpg,0.0
3326.jpg,0.0
340.jpg,0.0
7278.jpg,0.0
7493.jpg,0.0
2170.jpg,0.0
6742.jpg,0.0
2908.jpg,0.0
5507.jpg,0.0
2138.jpg,0.0
3337.jpg,0.0
4492.jpg,0.0
5580.jpg,0.0
6656.jpg,0.0
285.jpg,0.0
2238.jpg,0.0
6283.jpg,0.0
2948.jpg,0.0
7401.jpg,0.0
702.jpg,0.0
4916.jpg,0.0
5923.jpg,0.0
5936.jpg,0.0
7221.jpg,0.0
5358.jpg,0.0
4943.jpg,0.0
7329.jpg,0.0
7486.jpg,0.0
3656.jpg,0.0
3114.jpg,0.0
5357.jpg,0.0
6653.jpg,0.0
2011.jpg,0.0
2038.jpg,0.0
346.jpg,0.0
6276.jpg,0.0
5791.jpg,0.0
1467.jpg,0.0
7643.jpg,0.0
6282.jpg,0.0
7538.jpg,0.0
2946.jpg,0.0
6052.jpg,0.0
5571.jpg,0.0
7483.jpg,0.0
7426.jpg,0.0
706.jpg,0.0
2147.jpg,0.0
5513.jpg,0.0
3154.jpg,0.0
2914.jpg,0.0
3276.jpg,0.0
2153.jpg,0.0
2217.jpg,0.0
4941.jpg,0.0
1888.jpg,0.0
4087.jpg,0.0
325.jpg,0.0
4905.jpg,0.0
2270.jpg,0.0
4111.jpg,0.0
7410.jpg,0.0
319.jpg,0.0
1462.jpg,0.0
6827.jpg,0.0
2279.jpg,0.0
5853.jpg,0.0
694.jpg,0.0
5582.jpg,0.0
5143.jpg,0.0
2184.jpg,0.0
4291.jpg,0.0
333.jpg,0.0
7342.jpg,0.0
7475.jpg,0.0
4407.jpg,0.0
4113.jpg,0.0
313.jpg,0.0
3342.jpg,0.0
6965.jpg,0.0
2139.jpg,0.0
2012.jpg,0.0
5564.jpg,0.0
2029.jpg,0.0
5590.jpg,0.0
7167.jpg,0.0
6985.jpg,0.0
7500.jpg,0.0
4921.jpg,0.0
5805.jpg,0.0
6271.jpg,0.0
5363.jpg,0.0
6950.jpg,0.0
985.jpg,0.0
7614.jpg,0.0
1463.jpg,0.0
326.jpg,0.0
2932.jpg,0.0
2054.jpg,0.0
4929.jpg,0.0
6920.jpg,0.0
7136.jpg,0.0
686.jpg,0.0
5819.jpg,0.0
5504.jpg,0.0
7530.jpg,0.0
5508.jpg,0.0
3285.jpg,0.0
2037.jpg,0.0
3330.jpg,0.0
2033.jpg,0.0
7065.jpg,0.0
2912.jpg,0.0
7082.jpg,0.0
2197.jpg,0.0
5379.jpg,0.0
7145.jpg,0.0
4071.jpg,0.0
6760.jpg,0.0
7529.jpg,0.0
6956.jpg,0.0
7617.jpg,0.0
2265.jpg,0.0
7195.jpg,0.0
6859.jpg,0.0
4421.jpg,0.0
7637.jpg,0.0
996.jpg,0.0
4064.jpg,0.0
2218.jpg,0.0
7188.jpg,0.0
2178.jpg,0.0
2143.jpg,0.0
2031.jpg,0.0
6876.jpg,0.0
7359.jpg,0.0
4935.jpg,0.0
7547.jpg,0.0
4285.jpg,0.0
4110.jpg,0.0
2925.jpg,0.0
5811.jpg,0.0
4965.jpg,0.0
5828.jpg,0.0
7347.jpg,0.0
339.jpg,0.0
5847.jpg,0.0
5509.jpg,0.0
322.jpg,0.0
1455.jpg,0.0
1123.jpg,0.0
295.jpg,0.0
5832.jpg,0.0
3696.jpg,0.0
6943.jpg,0.0
7650.jpg,0.0
7015.jpg,0.0
7463.jpg,0.0
5576.jpg,0.0
4283.jpg,0.0
4174.jpg,0.0
5144.jpg,0.0
2282.jpg,0.0
5375.jpg,0.0
6715.jpg,0.0
7580.jpg,0.0
5842.jpg,0.0
691.jpg,0.0
290.jpg,0.0
6646.jpg,0.0
6051.jpg,0.0
2938.jpg,0.0
2041.jpg,0.0
2260.jpg,0.0
713.jpg,0.0
4884.jpg,0.0
3281.jpg,0.0
1874.jpg,0.0
2232.jpg,0.0
4423.jpg,0.0
711.jpg,0.0
4417.jpg,0.0
3274.jpg,0.0
4496.jpg,0.0
297.jpg,0.0
7506.jpg,0.0
705.jpg,0.0
7713.jpg,0.0
3153.jpg,0.0
4069.jpg,0.0
4289.jpg,0.0
2152.jpg,0.0
286.jpg,0.0
7198.jpg,0.0
2206.jpg,0.0
7129.jpg,0.0
315.jpg,0.0
2044.jpg,0.0
6651.jpg,0.0
7554.jpg,0.0
4416.jpg,0.0
2156.jpg,0.0
5921.jpg,0.0
7140.jpg,0.0
5390.jpg,0.0
2921.jpg,0.0
2192.jpg,0.0
7514.jpg,0.0
4931.jpg,0.0
2004.jpg,0.0
7312.jpg,0.0
7216.jpg,0.0
7034.jpg,0.0
5573.jpg,0.0
4892.jpg,0.0
4962.jpg,0.0
7253.jpg,0.0
5382.jpg,0.0
2165.jpg,0.0
5364.jpg,0.0
5943.jpg,0.0
2934.jpg,0.0
4927.jpg,0.0
7361.jpg,0.0
7365.jpg,0.0
6256.jpg,0.0
6248.jpg,0.0
4932.jpg,0.0
2907.jpg,0.0
6.jpg,0.0
2013.jpg,0.0
7490.jpg,0.0
7389.jpg,0.0
7328.jpg,0.0
4502.jpg,0.0
7295.jpg,0.0
6893.jpg,0.0
2614.jpg,0.0
7047.jpg,0.0
4890.jpg,0.0
4120.jpg,0.0
2262.jpg,0.0
6549.jpg,0.0
6935.jpg,0.0
5360.jpg,0.0
2956.jpg,0.0
7687.jpg,0.0
5145.jpg,0.0
2027.jpg,0.0
5600.jpg,0.0
6739.jpg,0.0
6261.jpg,0.0
2155.jpg,0.0
4920.jpg,0.0
4947.jpg,0.0
2005.jpg,0.0
1889.jpg,0.0
2032.jpg,0.0
6251.jpg,0.0
5822.jpg,0.0
4074.jpg,0.0
336.jpg,0.0
6962.jpg,0.0
7442.jpg,0.0
6847.jpg,0.0
6828.jpg,0.0
5848.jpg,0.0
5815.jpg,0.0
4068.jpg,0.0
7521.jpg,0.0
4957.jpg,0.0
1061.jpg,0.0
3278.jpg,0.0
6908.jpg,0.0
693.jpg,0.0
4084.jpg,0.0
7050.jpg,0.0
4919.jpg,0.0
3308.jpg,0.0
347.jpg,0.0
7075.jpg,0.0
4070.jpg,0.0
7144.jpg,0.0
3499.jpg,0.0
5942.jpg,0.0
288.jpg,0.0
4877.jpg,0.0
2928.jpg,0.0
5800.jpg,0.0
4118.jpg,0.0
5817.jpg,0.0
4302.jpg,0.0
5362.jpg,0.0
2252.jpg,0.0
715.jpg,0.0
989.jpg,0.0
294.jpg,0.0
331.jpg,0.0
300.jpg,0.0
4061.jpg,0.0
7039.jpg,0.0
995.jpg,0.0
4063.jpg,0.0
309.jpg,0.0
6270.jpg,0.0
7056.jpg,0.0
3315.jpg,0.0
5602.jpg,0.0
5824.jpg,0.0
2939.jpg,0.0
341.jpg,0.0
2276.jpg,0.0
4909.jpg,0.0
7711.jpg,0.0
6643.jpg,0.0
2935.jpg,0.0
2245.jpg,0.0
2229.jpg,0.0
7693.jpg,0.0
2193.jpg,0.0
330.jpg,0.0
7097.jpg,0.0
320.jpg,0.0
4879.jpg,0.0
4940.jpg,0.0
6550.jpg,0.0
4904.jpg,0.0
7161.jpg,0.0
311.jpg,0.0
7443.jpg,0.0
6049.jpg,0.0
2198.jpg,0.0
4898.jpg,0.0
3698.jpg,0.0
7251.jpg,0.0
2021.jpg,0.0
5851.jpg,0.0
7420.jpg,0.0
2256.jpg,0.0
717.jpg,0.0
6658.jpg,0.0
5843.jpg,0.0
5854.jpg,0.0
7098.jpg,0.0
7096.jpg,0.0
5598.jpg,0.0
4969.jpg,0.0
6269.jpg,0.0
337.jpg,0.0
3158.jpg,0.0
2273.jpg,0.0
6654.jpg,0.0
2015.jpg,0.0
6246.jpg,0.0
3317.jpg,0.0
7283.jpg,0.0
7473.jpg,0.0
4493.jpg,0.0
7108.jpg,0.0
5798.jpg,0.0
5512.jpg,0.0
708.jpg,0.0
5941.jpg,0.0
5934.jpg,0.0
4297.jpg,0.0
5938.jpg,0.0
312.jpg,0.0
7694.jpg,0.0
4960.jpg,0.0
6710.jpg,0.0
2259.jpg,0.0
2039.jpg,0.0
7671.jpg,0.0
5141.jpg,0.0
3658.jpg,0.0
4939.jpg,0.0
2277.jpg,0.0
2030.jpg,0.0
5380.jpg,0.0
5844.jpg,0.0
3309.jpg,0.0
5461.jpg,0.0
2923.jpg,0.0
6803.jpg,0.0
685.jpg,0.0
7635.jpg,0.0
1873.jpg,0.0
3112.jpg,0.0
4964.jpg,0.0
7567.jpg,0.0
2026.jpg,0.0
5464.jpg,0.0
4934.jpg,0.0
4.jpg,0.0
2046.jpg,0.0
3313.jpg,0.0
6266.jpg,0.0
5930.jpg,0.0
6262.jpg,0.0
2611.jpg,0.0
5371.jpg,0.0
4903.jpg,0.0
6657.jpg,0.0
5459.jpg,0.0
2234.jpg,0.0
4954.jpg,0.0
4286.jpg,0.0
2215.jpg,0.0
6242.jpg,0.0
2025.jpg,0.0
988.jpg,0.0
6804.jpg,0.0
2180.jpg,0.0
7298.jpg,0.0
7689.jpg,0.0
6879.jpg,0.0
307.jpg,0.0
5922.jpg,0.0
4912.jpg,0.0
5365.jpg,0.0
5460.jpg,0.0
3644.jpg,0.0
7106.jpg,0.0
2272.jpg,0.0
2953.jpg,0.0
2286.jpg,0.0
7080.jpg,0.0
2951.jpg,0.0
6263.jpg,0.0
2163.jpg,0.0
4305.jpg,0.0
7417.jpg,0.0
7381.jpg,0.0
5852.jpg,0.0
5812.jpg,0.0
680.jpg,0.0
6645.jpg,0.0
5575.jpg,0.0
7525.jpg,0.0
6254.jpg,0.0
4942.jpg,0.0
2007.jpg,0.0
344.jpg,0.0
2199.jpg,0.0
2018.jpg,0.0
6756.jpg,0.0
6996.jpg,0.0
5581.jpg,0.0
4082.jpg,0.0
7539.jpg,0.0
7118.jpg,0.0
2955.jpg,0.0
5814.jpg,0.0
7709.jpg,0.0
6045.jpg,0.0
4408.jpg,0.0
911.jpg,0.0
6813.jpg,0.0
3498.jpg,0.0
7206.jpg,0.0
7128.jpg,0.0
348.jpg,0.0
6649.jpg,0.0
7174.jpg,0.0
5940.jpg,0.0
3496.jpg,0.0
2931.jpg,0.0
5595.jpg,0.0
6842.jpg,0.0
4913.jpg,0.0
1886.jpg,0.0
2162.jpg,0.0
5833.jpg,0.0
2926.jpg,0.0
5514.jpg,0.0
714.jpg,0.0
6280.jpg,0.0
5505.jpg,0.0
5361.jpg,0.0
